Method,Domain,G4 Density (per Mb)
Consensus Motifs,Archaea,26.404958222617005
Consensus Motifs,Bacteria,29.5581573622558
Consensus Motifs,Eukaryota,82.75614093902134
Consensus Motifs,Virus,65.62317134761909
G4Hunter,Archaea,201.31524001781844
G4Hunter,Bacteria,147.81302266820379
G4Hunter,Eukaryota,327.03143955669873
G4Hunter,Virus,262.53934837757595
